[{"coordinates":[-119.8425963704844,34.40487888923785],"county_id":10,"progress":17,"spot_id":179,"spot_id_char":"campus-point-isla-vista-ca","spot_name":"Campus Point"},{"coordinates":[-119.7020898699724,34.397968880785839],"county_id":10,"progress":14,"spot_id":177,"spot_id_char":"leadbetter-santa-barbara-ca","spot_name":"Leadbetter"},{"coordinates":[-119.4779929046033,34.37256542974805],"county_id":10,"progress":100,"spot_id":198,"spot_id_char":"rincon-carpinteria-ca","spot_name":"Rincon"},{"coordinates":[-119.3773753582565,34.319176709938617],"county_id":11,"progress":60,"spot_id":193,"spot_id_char":"mondos-ventura-ca","spot_name":"Mondos"},{"coordinates":[-119.3398784210307,34.292337487494912],"county_id":11,"progress":21,"spot_id":191,"spot_id_char":"emma-wood-ventura-ca","spot_name":"Emma Wood"},{"coordinates":[-119.3001508388765,34.273069869304877],"county_id":11,"progress":100,"spot_id":190,"spot_id_char":"c-street-ventura-ca","spot_name":"C Street"},{"coordinates":[-118.96402550031939,34.052060672477893],"county_id":12,"progress":100,"spot_id":207,"spot_id_char":"county-line-malibu-ca","spot_name":"County Line"},{"coordinates":[-118.8303773801784,34.019025974554282],"county_id":12,"progress":100,"spot_id":206,"spot_id_char":"zuma-beach-malibu-ca","spot_name":"Zuma Beach"},{"coordinates":[-118.6778152767141,34.033021829795622],"county_id":12,"progress":100,"spot_id":205,"spot_id_char":"malibu-malibu-ca","spot_name":"Malibu"},{"coordinates":[-118.58321372756581,34.037219387423988],"county_id":12,"progress":100,"spot_id":388,"spot_id_char":"topanga-malibu-ca","spot_name":"Topanga"},{"coordinates":[-118.4742634651619,33.983161270783711],"county_id":12,"progress":100,"spot_id":204,"spot_id_char":"venice-venice-ca","spot_name":"Venice"},{"coordinates":[-118.4220839567824,33.899742704342621],"county_id":12,"progress":100,"spot_id":402,"spot_id_char":"el-porto-manhattan-beach-ca","spot_name":"El Porto"},{"coordinates":[-118.4138307775285,33.883866437432573],"county_id":12,"progress":100,"spot_id":203,"spot_id_char":"manhattan-beach-manhattan-beach-ca","spot_name":"Manhattan Beach"},{"coordinates":[-118.4034127774129,33.861606529115143],"county_id":12,"progress":36,"spot_id":202,"spot_id_char":"hermosa-hermosa-beach-ca","spot_name":"Hermosa"},{"coordinates":[-118.39290949975,33.811112395435423],"county_id":12,"progress":100,"spot_id":200,"spot_id_char":"torrance-beach-redondo-beach-ca","spot_name":"Torrance Beach"}]